content,fraud_type,risk_level
"学生在某顶流明星粉丝群看到“生日应援众筹”链接，点击后进入仿冒“官方后援会”的网站。页面显示“集资满500万元解锁地铁灯箱广告”，还实时滚动“粉丝贡献榜”。受害人为支持偶像，分多次转账共计6.8万元，部分资金来自网络贷款，转账后在榜单排名上升。后续该网站突然关闭，群主解散所有粉丝群，受害人才发现被骗。","粉丝集资应援诈骗","高"
"高中生在游戏群看到“代练包毕业，不满意全额退款”的广告，添加自称代练的人员后，对方以“账号需要安全验证”为由，诱导受害人拍摄私密照片以及个人身份信息。之后对方以泄露私密照片进行威胁，索要封口费。受害人偷用亲属手机转账后，对方又编造其他理由继续索要钱财，亲属发现账户异常报警时，受害人已经累计被骗18.6万元。","游戏代练+裸照胁迫诈骗","高"
"受害人接触所谓“AI量化交易”投资项目，被高收益话术吸引投入资金，最终平台爆仓，投入资金全部清零。","AI量化投资理财诈骗","高"
"受害人在二手交易平台购买演唱会门票，按照对方要求两次进行转账操作，最终损失2.36万元，未拿到对应门票。","二手平台票务交易诈骗","中高"
"受害人在交友软件结识自称私募基金从业者的人员，对方谎称某虚拟货币即将上线官方交易所，展示伪造的交易所后台盈利截图。受害人多次投入资金购买该虚拟币种，账户页面虚假显示盈利。之后骗子以机构拉盘需要锁仓为借口诱导受害人追加投资，次日平台以系统维护名义关闭，骗子彻底失联，受害人合计损失120万元。","虚拟货币投资理财诈骗","高"
"商户接到自称部队后勤工作人员的来电，对方称需要紧急采购大批军用帐篷，并且指定一家所谓军工厂作为供应商。商户联系该供应商之后，对方要求先行支付定金。商户转账之后，对方又提出追加采购其他物资，商户拒绝后，就再也无法联系供应商，被骗定金15万元。","冒充军警采购诈骗","高"
"受害人接到自称医保机构的来电，谎称受害人医保账户出现异地盗刷情况，要求受害人配合冻结账户，进行所谓资金保护。诱导受害人下载伪装成安全中心的木马APP，窃取银行卡信息以及短信验证码，受害人账户当中的定期存款被转走，损失10万元。","冒充医保机构公检法诈骗（木马盗取信息）","高"
"受害人接触刷单兼职宣传，宣传宣称可以日赚数百元，受害人参与之后，按照对方指引进行借贷投入资金，后续无法申请提现，遭遇资金损失。","刷单返利兼职诈骗","中高"
"受害人收到冒充高速ETC服务的短信，短信附带仿冒官方服务的钓鱼网站链接。受害人点击链接进入伪造网页，按照页面提示填写个人证件、车辆、银行卡信息以及短信验证码，短时间内银行卡被多笔盗刷，合计损失15.3万元。","ETC钓鱼链接短信诈骗","高"
"受害人收到航空公司改签补偿的诈骗通知，骗子诱导受害人开启屏幕共享，获取受害人手机全部操作权限，受害人账户内23万资金被全部转走。","航空改签屏幕共享诈骗","高"
"受害人接到冒充金融机构通知，谎称本人贷款已经逾期，要求缴纳解冻金才可以解除逾期状态，受害人缴纳2万元解冻金之后，发现属于骗局。","贷款解冻金诈骗","中高"
"广告公司经营者接到自称消防部门人员的联系，对方称需要采购宣传物资，要求商家先行垫资，商家垫资29.4万元之后，对方失联，造成财产损失。","冒充消防单位采购诈骗","高"
"商户接到自称部队后勤工作人员的来电，对方称需要紧急采购大批军用帐篷，并且指定一家所谓军工厂作为供应商。商户联系该供应商之后，对方要求先行支付定金。商户转账之后，对方又提出追加采购其他物资，商户拒绝后，就再也无法联系供应商，被骗定金15万元。","冒充军警采购诈骗","高"
"受害人接触网店盈利指导服务，按照对方指导进行转账投入8.4万元，后续无法进行资金提现，遭遇被骗。","网店运营指导投资诈骗","中高"
"受害人接到自称公安办案人员的电话，谎称受害人名下银行卡卷入特大洗钱案件，要求受害人配合资金清查。骗子通过视频出示伪造警官证件、逮捕文书，诱导受害人下载远程控制类伪装APP。受害人按照对方指令将定期存款转为活期，并且提供短信验证码，账户50万存款被多笔转出，全部损失。","冒充公检法洗钱办案诈骗","高"
"受害人在短视频平台刷到黄金期货分析师直播，对方宣称国际金价行情好，跟随操作可以获得高额收益。受害人添加对方社交账号后，被诱导下载虚假贵金属投资APP。前期获得小额虚假盈利，骗子再以加仓锁仓、补缴保证金为由持续诱导转账，受害人投入大额资金后，APP无法登录，彻底被骗。","虚假投资理财诈骗","高"
"受害人接到境外来电，对方冒充公安办案人员，谎称受害人银行卡卷入洗钱案件，要求配合资金清查。受害人按照指引下载远程控制伪装APP，开启屏幕共享，被诱导将大额存款转入所谓安全账户，直到收到银行转账通知才察觉受骗。","冒充公检法诈骗","高"
"受害人在婚恋交友平台结识自称高收入金融从业者的对象，双方网恋交往一段时间后，对方编造掌握投资内幕消息，诱导受害人参与海外黄金ETF投资，引导下载虚假投资平台。受害人投入大量资金之后，对方失联，平台账户显示异常。","杀猪盘（婚恋诱导投资）诈骗","高"
"受害人接到冒充短视频平台客服的来电，谎称受害人误开通付费会员，将会每月扣费。受害人按照对方指引下载具备屏幕共享能力的APP，在操作过程中手机出现异常，后续银行卡内资金被多次转走，骗子还编造系统退款延迟的说辞进行欺骗。","冒充客服诈骗","高"
"受害人刷到刷单返利的广告，加入社交群组后下载陌生APP。前几单可以拿到小额返现获取信任，后续骗子要求受害人垫资购买贵重实物商品，承诺收货之后折现返还佣金本金。受害人完成大额实物采购并且寄到指定地址后，直接被对方拉黑。","兼职刷单+实物套现诈骗","高"
"大学生接到冒充金融监管部门工作人员的来电，谎称曾经的校园贷账户没有注销，会对个人征信产生负面影响。受害人下载陌生会议类APP，骗子以清空借贷记录为借口，诱导受害人缴纳大额保证金转入指定账户，转账完成之后骗子直接消失。","注销校园贷诈骗","高"
"受害人接到冒充互联网平台工作人员的电话，告知受害人的百万保障服务即将到期，不手动关闭就会持续扣费。骗子诱导受害人安装屏幕共享软件，远程操控受害人手机银行，借关闭小额免密支付名义，盗走账户大额资金。","百万保障到期诈骗","高"
"受害人接到AI伪造亲属声音的来电，伪装亲属身处海外发生意外，急需缴纳医疗救治费用。受害人来不及核实就按照要求向指定账户转账，直到联系到真实亲属，才发现遭遇AI语音诈骗。","AI语音仿冒亲属诈骗","高"
"游戏玩家在网络平台出售游戏账号，买家发送虚假第三方担保交易网站链接，声称在此平台完成交易。受害人进入伪造网站后，被要求缴纳保证金、解冻金等多项费用，累计投入资金后账号依旧被冻结，平台属于完全伪造。","虚假游戏账号交易诈骗","高"
"电商经营者接到跨境代运营公司推销电话，声称可以代运营海外电商店铺，许诺高额销售额，要求商家采购贵重商品作为信用担保。商家向对方指定供应商完成大额采购，后续发现店铺没有实际流量，供应商和运营方属于同一诈骗团伙。","跨境电商代运营诈骗","高"
